Action,Url
Block,*unblocked**games*
Block,*game**pro*
Block,*games**site*
Block,*gaming**online*
Block,*play**free*
Block,*arcade**fun*
Block,*puzzle**challenge*
Block,*racing**fast*
Block,*action**adventure*
Block,*strategy**war*
Block,*sports**league*
Block,*flash**game*
Block,*online**multiplayer*
Block,*browser**based*
Block,*multiplayer**coop*
Block,*unblock**games*
Block,*pro**game*
Block,*site**games*
Block,*online**gaming*
Block,*free**play*
Block,*fun**arcade*
Block,*challenge**puzzle*
Block,*fast**racing*
Block,*adventure**action*
Block,*war**strategy*
Block,*league**sports*
Block,*game**flash*
Block,*multiplayer**online*
Block,*based**browser*
Block,*coop**multiplayer*
Block,*games**unblock*
Block,*guns*
Block,deeeep.io
Block,*slither*