Action,Url
Block,*unblock**game*
Block,*game**pro*
Block,*game**site*
Block,*gaming**online*
Block,*play**free*
Block,*arcade**fun*
Block,*puzzle**challenge*
Block,*racing**fast*
Block,*race**game*
Block,*action**adventure*
Block,*strategy**war*
Block,*sports**league*
Block,*flash**game*
Block,*online**multiplayer*
Block,*multiplayer**coop*
Block,*unblock**games*
Block,*pro**game*
Block,*site**games*
Block,*online**gaming*
Block,*free**play*
Block,*fun**arcade*
Block,*challenge**puzzle*
Block,*fast**racing*
Block,*adventure**action*
Block,*war**strategy*
Block,*league**sports*
Block,*game**flash*
Block,*multiplayer**online*
Block,*coop**multiplayer*
Block,*game**unblock*
Block,*guns*
Block,*deeeep*io*
Block,*slither*
Block,*basketball*legends*
Block,*football*legends*
Block,*retro*bowl*
Block,*classroom6x*
Block,*6xclassroom*
Block,*pokemonshowdown*
Block,*powerline*io*
Block,*wings*io*
Block,*fngame*io*
Block,*fnaf*shooter*
Block,*stabfish*io*
Block,*enjoy4fun.com*
Block,*evoworld*io*
Block,*snake*io*
Block,agame.com
Block,*deadshot*io*
Block,*classroom*6x*
Block,*ninja*io*
Block,*basketball*stars*
Block,*slope*io*
Block,*run**3*
Block,*shooting**game
Block,*game**shooting*
Block,*football*stars*
Block,*arcade**game*
Block,*funny**game*
Block,*io**game*
Block,*game**io*
Block,*1v1*lol*
Block,*just*aim*lol*
Block,*roblox*
Block,*itch*io*
Block,*3d**game*
Block,*game**3d*
Block,*cookie*clicker*
Block,*clicker**game*
Block,*game**clicker
Block,*krunker*io*
Block,*run**2*
Block,*slope*run*
Block,*poki*
Block,*shell*shockers*
Block,*smash*karts*
Block,*wormax*io*
Block,*agar*io*
Block,*suika*game*
Block,*suika*gg*
Block,*player03*
Block,*google**doodle**game*
Block,*doodles*google*
Block,*crazy**games*
Block,*google.com/logos/**
Block,*apes*io*
Block,enjoy4fun.com
Block,*drift*hunters*
Block,*silver*game*
Block,*tetris*
Block,*bloxd*io*
Block,*eggy*car*io*
Block,*io*game*
Block,*game*io
Block,*geometry*dash*
Block,*drift*boss*
Block,*geometryspot*
Block,*geometry-spot*
Block,*geometry*game*
Block,*igre*
Block,*igrice*
Block,doodoo.love
Block,gameis.net
Block,totallyscience.co
Block,totallyscience.info
Block,totallysciencegames.com
Block,thetotallyscience.com
Block,definitelyscience.com
Block,definitelyscience.io
Block,*slow*road*io*
Block,numuki.com
Block,arkadium.com
Block,dragongames.online
Block,freegames.onl
Block,unblocked-games-66.com
Block,games-66.com
Block,gamestoplays.com
Block,julgame.com
Block,friv2024.com
Block,friv-2025.com
Block,toonz.io
Block,shooting-games.net
Block,shootingames.com
Block,friv-2024.com
Block,friv-2026.com
Block,classroomcommunity.com
Block,classroom.community
Block,classroom.onl
